Company Name,First Name,Last Name,Lead From,Date,Email ID,Phone,Country
Villarreal LLC,George,Tucker,Website,2021-08-03,whamilton@hotmail.com,001-490-106-4681x5328,Israel
,Michael,Cortez,Website,2021-04-20,kschwartz@taylor.com,(835)059-7484x046,Botswana
Cervantes-Little,David,Williams,Social Media,2020-05-29,tleblanc@brooks.com,001-416-012-2501x8205,Moldova
"Werner, Berry and Nguyen",Steven,Fleming,,2021-06-03,robert59@carter.com,+1-150-584-8668x314,Trinidad and Tobago
Odonnell-Lopez,Angela,Lewis,Email,2024-10-26,paulferrell@gmail.com,+1-839-612-5926x837,Eritrea
Simpson PLC,Erika,Mack,,2025-01-20,yjordan@hotmail.com,(060)281-1207,Chad
Shields-Barber,Christopher,Gibbs,Social Media,2022-09-11,spend,+1-687-703-0898x647,Saint Kitts and Nevis
"Moore, Knox and White",Deborah,Gamble,Email,2022-04-28,nwebb@hotmail.com,,
"Meyer, Wright and Bray",Christine,Bradley,Email,,nbrown@gmail.com,280-949-2749x237,Vietnam
"Cohen, Miller and Gibbs",Sierra,Gibson,Referral,2023-02-27,blevinsjason@ingram-blair.info,001-747-869-7518x41954,French Southern Territories
Walters-Hernandez,Dawn,Barrett,Website,2025-01-29,second,245.855.6090,South Georgia and the South Sandwich Islands
Yates Ltd,Jennifer,Ortiz,Social Media,2025-04-25,collin15@gmail.com,(485)427-5819,Australia
Nguyen-Phillips,Summer,Ward,Website,,rachaelwright@hotmail.com,(826)385-3680,Wallis and Futuna
Barry Inc,Billy,Johnson,Event,2020-07-23,tfitzpatrick@ochoa-long.com,036-168-9496x5170,Reunion
"Guzman, Rodriguez and Lang",Jason,David,Social Media,2022-02-13,higginssarah@bush.biz,(773)006-1751x27072,Spain
Salinas Inc,Christopher,Webb,Social Media,2024-06-22,jennifer91@lynch-richardson.com,133-375-3306x719,Congo
Moses-Dougherty,Patricia,Bailey,Social Media,2022-12-16,larry74@bartlett.biz,001-251-677-8239,
Haley-Holloway,Adrian,Lowe,Social Media,2022-03-25,lindsey87@perez.com,,China
Richard-Stewart,Susan,Sanchez,Email,2020-02-05,stephaniehernandez@mendoza.com,607.866.0783x5499,Finland
,Leah,Mcneil,Social Media,2024-09-01,rodneypotter@schultz.biz,526-303-6874x34026,Netherlands
Huerta-Wilson,Tracey,Farley,Email,2020-12-22,dayala@dean-fischer.org,587.852.0659,
Carroll-Erickson,Jeffery,Carpenter,,2025-05-01,zmartinez@vega.net,,French Polynesia
Santiago Group,Aaron,,,2023-11-15,monica90@yahoo.com,739.437.1845x0941,
Campos LLC,,Sanchez,Social Media,2023-09-01,johncampos@yahoo.com,,Sudan
Becker-Patterson,Lisa,Mcintosh,,,buckleymary@flynn-edwards.com,(467)753-5683,Brazil
Henderson-Cooper,David,Sheppard,Website,,susanrodriguez@myers.com,+1-608-985-8254x59839,Solomon Islands
Roberts-Summers,Dennis,Richardson,Email,2021-02-01,gabrielbeck@thompson.com,878.599.4543x73784,Vietnam
Love-Hernandez,Tanya,Moore,Email,2020-02-24,icarney@chan.com,0148106156,
"Sparks, Cummings and Barber",Travis,Lin,Event,2022-02-12,zlopez@lopez-thompson.net,,Estonia
"Rosales, Green and Hunt",James,,Social Media,2020-02-09,allison81@yahoo.com,080-306-2835,Trinidad and Tobago
Wilson PLC,Gregory,Figueroa,Email,2024-05-30,millerjulia@vega-meadows.com,+1-706-819-5474,Burkina Faso
Ramos-Phillips,Arthur,,Social Media,2025-01-13,stanleysara@yahoo.com,507.300.1680x3812,Hong Kong
Perkins Group,Joshua,Smith,,,mitchellcabrera@yahoo.com,(294)743-1432,Nauru
Collins Inc,John,Johnson,Website,2024-05-26,reduce,,Thailand
Quinn Inc,Debra,Bean,Website,2020-04-15,rodriguezamanda@gmail.com,160.146.3012x75310,Guinea
"Allen, Mcbride and Morris",Ashley,Jarvis,Email,,martinezthomas@gmail.com,,Tokelau
"Nguyen, Walsh and Hunter",Casey,Williams,Referral,2021-08-24,ktaylor@hotmail.com,+1-357-325-3529x2300,Vanuatu
Norris PLC,Haley,Reynolds,Email,2021-08-12,cooperrichard@glover-stanley.com,663-695-7091,Thailand
Green Ltd,Tara,Rhodes,Email,2024-09-27,month,(467)179-3825x50153,
"Wilson, Turner and Richardson",Jenny,,Email,2022-03-31,rgalloway@gmail.com,027-295-2499x0626,Jamaica
"Hill, Kim and Johnson",Mary,Oneal,Event,2023-05-04,brianlawson@kelly-anderson.com,,Korea
Allen-Rogers,Timothy,Pena,Email,2020-09-02,lauren41@rodgers.com,,Tonga
Turner PLC,Donald,Hicks,Website,2025-07-10,mcculloughlauren@yahoo.com,,Korea
Warner LLC,Brian,Smith,Website,2023-01-03,nancypowell@sherman.com,+1-866-553-6282x137,Yemen
"Taylor, Coleman and Holmes",Tonya,Brown,Social Media,2022-01-28,arthurblair@friedman.org,(598)023-0122x6383,
Schaefer-Hunter,Stephen,Beck,Event,2024-06-14,jonathanrussell@roth.org,042-777-1000x88220,Austria
"Holt, Baker and Martinez",Gabrielle,Schroeder,Email,2024-02-12,rmitchell@hotmail.com,064-403-4034,Turkey
"Cohen, Merritt and Evans",Erica,Conley,Event,2024-07-31,wyates@steele.com,,Djibouti
"Summers, Weaver and Clark",Mark,,Email,2024-05-08,bergjoy@christian.info,(608)631-8311x4424,Bosnia and Herzegovina
"Potts, Donaldson and Adams",Jacob,Allen,Email,2021-12-01,louissherman@gmail.com,,Brazil
"Phillips, Sellers and Taylor",Kristen,Mullen,Social Media,2021-11-30,method,+1-516-138-6346x835,
"Garrison, Cooper and Johnson",Melissa,Davis,Email,2022-06-15,stephen30@castro-willis.com,,Australia
Contreras LLC,Jose,Newman,,2023-07-07,greenchristopher@hotmail.com,5744546957,Nepal
"Cook, Conley and Davis",Michael,Castillo,Website,2025-07-19,danielsoto@gmail.com,+1-713-575-5468,Antarctica (the territory South of 60 deg S)
Robinson LLC,Christina,Lee,Website,2024-08-11,evanszachary@gmail.com,001-352-852-0747x13458,
"Caldwell, Knight and Johnson",Michael,Ingram,Referral,,gwilkerson@thomas-andrade.com,299.078.1984x796,Mozambique
Mitchell-Chapman,Alicia,Simmons,Website,2023-07-03,ground,001-872-249-7189x715,Tunisia
"Roberts, Yang and Hernandez",Steven,Flores,Website,2023-01-11,jcarpenter@ford-lopez.com,139-895-0524x8369,
Peterson LLC,Wanda,Bartlett,Social Media,2022-06-16,orozcojames@knox-rice.org,8736102151,Senegal
"Mcintyre, Franklin and Davis",Cheryl,Wilcox,Referral,2023-08-10,williamsronnie@hotmail.com,,
Mayer Group,David,Thomas,Social Media,2020-03-30,dustinvillanueva@lewis.com,701.895.7397,French Southern Territories
Simpson-Scott,Paula,Garcia,Email,2022-06-01,fblair@coleman.com,326-308-1831,Japan
Santiago LLC,Stacy,Mcguire,Website,2025-05-10,paigebradshaw@yahoo.com,303.820.3406x00685,Estonia
"Wilson, Moreno and Wade",Jonathan,Colon,Event,2024-12-25,everything,301-221-1155x2824,Bangladesh
Nichols-Johnson,Kevin,Ramirez,Social Media,2024-01-10,samantha16@hotmail.com,749-353-6532x253,Tuvalu
Wiggins-King,Megan,Coleman,,,burkekelly@yahoo.com,001-795-061-5931,French Polynesia
Smith-Smith,James,Warren,Event,2021-04-28,jason82@gmail.com,2686085979,Saint Helena
"Mclaughlin, Oconnell and Barton",Eric,Mcdaniel,Referral,2022-09-10,plloyd@yahoo.com,+1-914-788-7237,
"Nguyen, Merritt and Lamb",Christina,Simmons,Email,2023-06-23,later,(763)925-9566x9070,Cote d'Ivoire
Morgan and Sons,Earl,Johnston,Social Media,2025-03-14,woodardjason@gmail.com,+1-724-641-1849x03280,Austria
Clark LLC,Scott,Reid,,2020-02-08,paul48@mitchell.com,,Sierra Leone
Delacruz PLC,Andrew,Young,Referral,2024-06-06,angelaallen@moore.com,(265)997-9998x74270,United Arab Emirates
Campbell PLC,Jason,Powers,Event,2021-05-18,michael85@roth.info,001-041-598-7680x387,Antarctica (the territory South of 60 deg S)
Ferrell LLC,Felicia,Andrews,Website,2021-11-21,jennifer11@yahoo.com,(453)886-2014x673,Guernsey
Griffith and Sons,Nicholas,Gonzalez,Referral,2024-07-10,michael56@yahoo.com,(842)421-0317,Hungary
Thompson-Lewis,Judy,Yang,,2021-10-05,hjordan@lopez.info,967.377.8503x4502,Wallis and Futuna
"Brown, Woodward and Beck",Michelle,Crawford,Email,2022-05-28,may,,Palestinian Territory
Cooper LLC,Joy,Lambert,Referral,2022-08-01,cory19@smith-gutierrez.info,919-275-8138x305,Serbia
"Fleming, Riley and Joseph",Deborah,,Email,2020-02-16,droy@carlson.com,,French Southern Territories
"Moyer, Moore and Johnson",Sara,Booker,Event,2025-07-15,hmahoney@galvan-villegas.com,+1-866-295-6350,Mauritania
"Lane, Harrison and Armstrong",Daniel,Morgan,Event,2020-11-06,ysmith@gmail.com,622.345.5680x399,Sierra Leone
Donaldson-Green,Heather,Mclean,,2024-01-07,talk,(048)489-4236x138,Bulgaria
"Everett, Davidson and Montgomery",Sarah,Taylor,Referral,2020-08-18,velezmary@gmail.com,,Burundi
Wilson and Sons,Aaron,Woodard,Email,2021-04-09,dbrown@gross.com,001-117-291-5978x526,Serbia
"Cline, Jefferson and Walsh",Alexander,Cook,,2025-05-02,kreed@gmail.com,(423)626-3825x352,
"Wilcox, Gay and Hill",Gary,Mays,Referral,2025-07-10,exist,,Romania
Clarke-Rose,Angelica,Wall,Social Media,2021-01-10,svillarreal@andrade.biz,+1-167-738-9921x833,Guatemala
"Dyer, Page and Smith",William,Jones,Event,2024-04-08,johnnyprice@shepherd.com,564-886-1506x0710,
Horton-Williams,Lorraine,Wilson,Website,2022-08-15,hartmanjessica@potter-clark.com,001-536-923-3308x942,Timor-Leste
,Kerry,Heath,Social Media,2023-04-13,robert51@taylor.com,001-880-441-6781x969,Iraq
Tucker-Chen,Teresa,Grimes,,2021-01-23,emily40@hotmail.com,,Finland
Krueger Group,Shawn,Davis,Email,2020-06-14,statement,614-770-5176,Tajikistan
"Raymond, Lee and Scott",Shelby,Mason,,2025-03-07,gabriel14@gmail.com,742-780-4184x70989,Swaziland
"Allen, Jones and Christensen",Donald,Ellis,Referral,2024-01-17,smithmichelle@moyer-davis.com,001-746-238-3649,
Green-Murray,Julie,Williams,Email,2020-06-07,cunninghamkenneth@guzman.com,001-680-051-4622,Suriname
"Patterson, Johnson and Owen",Lisa,Miller,Website,2022-01-02,melissaharrington@gmail.com,,
"Wright, Brown and Washington",Frank,Murray,Website,2024-05-04,hour,,Pakistan
Wright and Sons,Robert,Wilson,Referral,2025-06-23,stevensonkristin@yahoo.com,,Maldives
"Bryant, Moore and Lee",Rebecca,Bryan,Website,2023-09-07,alisha75@irwin.com,181-544-5921,Jersey
Roach-Rodriguez,Patricia,Todd,Referral,2022-01-19,owright@nguyen-garcia.info,648-549-8677,Antigua and Barbuda
"Perez, Mckinney and Salinas",Eduardo,Morgan,Email,,interesting,149.092.0398x8455,Thailand
"Jacobson, Walker and Gibson",Gabriela,Christensen,Referral,2024-01-18,dakota23@yahoo.com,(106)307-6210x22755,Panama
Gordon Ltd,Victoria,Nguyen,Event,,andersonhenry@yahoo.com,,Angola
"Wood, Cook and Smith",Mark,Nicholson,Referral,2023-10-06,dawnedwards@barnes.net,(324)680-8527x48360,Syrian Arab Republic
"Smith, Garcia and Larson",Jose,Wells,Referral,2021-11-19,bsmith@hotmail.com,,Martinique
Mcdaniel Ltd,Kyle,Wong,,2022-07-11,bhall@mendoza-oneill.com,001-243-819-8728x646,Swaziland
Robinson-Ryan,,Peters,Website,2023-11-06,misty93@crawford-carter.com,,Rwanda
Richardson-Bridges,Courtney,Ramirez,,2020-01-07,danielthomas@gmail.com,(524)573-5303x52734,
Caldwell-Cruz,Trevor,Torres,Website,2025-01-10,brentroach@yates.com,,Nauru
Roberts Inc,Michelle,Avila,,2024-07-31,huntermcdonald@yahoo.com,001-506-958-8641x243,Djibouti
Stewart PLC,Isaac,Williams,Website,2024-09-16,wanda39@gregory.com,+1-750-671-0008,China
Thompson-Molina,Hannah,Clay,,2024-12-21,allenwilliams@davidson.com,001-138-282-3385,
Walker LLC,Theresa,Lopez,Website,,wcarter@velazquez.info,1031339071,Czech Republic
"Franklin, Swanson and Acevedo",Katherine,Ramsey,Website,2022-07-17,brendan19@yahoo.com,(350)666-4608,New Caledonia
"Ramirez, Hawkins and Hill",John,Ellis,Event,2024-09-25,sara76@gmail.com,,Romania
Thomas-Thornton,Christopher,Solis,Social Media,2025-04-24,frodriguez@campbell.com,001-647-842-5389x399,Guinea
"Garner, Dodson and Watson",James,Rodriguez,Event,2023-04-18,sallen@gmail.com,001-253-284-8138x259,
"Farley, Bates and Lamb",Adrian,Pratt,Email,2023-11-06,robertalexander@yahoo.com,001-305-011-1734x335,Guatemala
Guerrero PLC,Luis,Lopez,Referral,2023-12-02,anthony03@reeves.com,,Slovenia
Graves and Sons,Brent,Greene,,2022-04-29,hayesmargaret@owen.org,,Aruba
"Newton, Cook and Preston",Hannah,Foster,Social Media,2022-10-20,jessica61@chang.biz,001-499-138-5876x709,Netherlands
"Landry, Mills and Garcia",Mary,,,,buckangela@thompson-martin.biz,121-606-7773,
Johnson-Scott,Rebekah,Phillips,Referral,2020-08-09,pchapman@hotmail.com,(220)904-8333x81692,United States Minor Outlying Islands
Foster and Sons,Charles,Conner,Social Media,2023-02-19,franklinamber@yahoo.com,9178382743,China
Martin-Montgomery,Sophia,Bradley,Website,2024-06-26,bbrown@yahoo.com,725.343.4278x2905,Papua New Guinea
"Brown, Osborne and Barrett",Kayla,Freeman,,2020-03-24,muellersheila@hill.info,001-005-128-9438x060,United States of America
"Smith, Morgan and Galloway",,Turner,Email,2022-06-16,dwaynemoody@underwood.com,,Philippines
"Olson, Franklin and Edwards",Julie,,Event,2025-01-18,vincentparker@conrad.com,(381)696-7301x741,
Walker Inc,Jennifer,Palmer,Social Media,2020-09-01,abecker@matthews.com,,Malaysia
Miller-Martinez,Jacqueline,Dennis,Event,2024-05-15,rileyamanda@spencer-walker.org,(603)707-4718x51143,
Lee-Romero,Jason,Myers,Event,2023-04-09,johnsonsherri@hotmail.com,(856)125-4114x69236,Canada
Young-Mitchell,Jessica,Waters,,2023-09-22,teresa10@yahoo.com,001-252-256-4349,Liberia
Stafford-Williams,Steven,Pena,Event,2023-08-10,baileymatthew@williams-brown.com,,
Patterson Ltd,Lisa,Booker,Event,,performance,833.863.1977x91656,
"Briggs, Barron and Newton",Brad,Barrett,,,answer,269.136.2611,Namibia
Baxter Ltd,Charles,Yang,Email,2024-09-27,andrew58@smith.info,(903)464-9498x388,Kyrgyz Republic
Jennings-Carpenter,Devon,Adkins,Referral,2021-09-29,jennifer09@acosta-williamson.biz,486.978.3415,Papua New Guinea
Gomez Inc,Beth,Palmer,Social Media,2021-02-07,walter87@hotmail.com,001-866-128-3458,Malaysia
Peterson and Sons,Keith,Taylor,Referral,2025-08-09,travis76@pratt.com,,France
Nelson-Lewis,,Garrett,,2021-08-27,melissa17@gmail.com,+1-045-409-5056x52655,United States of America
,Thomas,Holt,,2025-06-16,lcole@taylor-beck.com,,
"Hebert, Wagner and Snyder",Kaitlin,Graves,Event,2025-03-02,keith37@yahoo.com,+1-409-405-1238x2064,Ecuador
,Christopher,Collins,Referral,2021-07-18,despite,+1-445-521-0404x9509,Peru
"Thompson, Hernandez and Howell",William,Scott,,2022-10-17,troythompson@yahoo.com,817.656.5435,Gambia
"Hart, Franklin and Fitzgerald",Zachary,Jones,Event,2024-10-13,jgomez@hotmail.com,2579990110,Mozambique
Lewis-Jones,Kristina,,Email,2020-01-23,farleykathryn@gmail.com,(570)827-0731x27216,Ghana
Shelton and Sons,Paul,Woodard,Website,2022-10-09,qchristensen@hotmail.com,,Lao People's Democratic Republic
Nolan-Carter,Joshua,Cantrell,Social Media,2021-11-26,jennifergraham@lopez.com,040.310.1537,Togo
"Jackson, Brown and Washington",Brendan,Miller,Email,2025-08-09,robertjuarez@yahoo.com,,Benin
"Arnold, Smith and Bean",Richard,Jackson,Social Media,2022-10-18,briangriffin@hotmail.com,+1-823-494-2939,
Pittman Inc,Elizabeth,Peters,Email,2023-11-22,dominiquegreen@hotmail.com,+1-182-818-4400x9723,Saint Pierre and Miquelon
,Joe,Williams,Email,2023-11-12,comptonmitchell@hotmail.com,,
Martinez Group,Chelsea,Vazquez,Event,2023-04-24,ronald69@gmail.com,654.161.4880,Latvia
"Peterson, Griffin and Chambers",Robert,Lee,Event,2020-03-28,dthomas@yahoo.com,+1-554-831-2735x127,
"Kemp, Thompson and Jordan",Robert,,Social Media,2020-08-07,againes@gmail.com,617-735-7799x7886,Saint Vincent and the Grenadines
Williams-Barnes,Teresa,Kerr,Event,2021-08-26,martinchristopher@gmail.com,774-390-5175,Lao People's Democratic Republic
Perez-Taylor,John,Chandler,,2024-01-01,victoria94@hotmail.com,+1-238-281-9135x874,Saint Helena
Gomez-Moore,Tammy,Kerr,Email,2021-05-16,mejiabrittney@wright.com,,United Arab Emirates
"Duran, Roberson and Padilla",Angela,Norris,Email,2021-07-29,samanthaharris@yahoo.com,+1-527-445-5676x7296,British Indian Ocean Territory (Chagos Archipelago)
"Rivera, Jones and Daniel",Ryan,,Social Media,2020-02-07,tami86@smith.com,362.692.3074,Zimbabwe
Chambers Group,Pamela,,Referral,2021-12-01,elizabeth22@gmail.com,942.841.7204x68570,Marshall Islands
Maldonado PLC,William,Chaney,Email,2022-09-08,catherine90@garza.com,531-259-4109x91837,United Kingdom
Garrett PLC,Victoria,Alvarado,,2020-11-07,seanfoster@todd.com,001-421-332-7204x2956,France
Lester Group,Denise,Turner,Event,2024-10-08,doughertypeter@rhodes.com,(213)391-5544x627,Andorra
Colon-Gregory,Margaret,Roberts,Email,2024-07-20,bennettrebecca@gmail.com,(477)444-3268x6744,Algeria
"Long, Tyler and Perry",Rachel,Snyder,Event,2022-10-23,robertaguilar@gmail.com,001-162-760-4192x624,French Polynesia
Browning Ltd,Debra,Martin,Social Media,2022-08-01,wperez@yahoo.com,(915)435-1854x401,Costa Rica
Johnson Ltd,Tara,Mccoy,,2020-01-22,ryan44@hotmail.com,+1-823-895-2949x805,Mali
"Dunn, Wang and Combs",,Cole,Website,2020-06-07,lisa66@fuentes.com,650.898.5675x95847,Timor-Leste
"Hays, Solis and Brock",Tina,Garcia,Referral,2023-02-19,michael48@jenkins-dudley.org,(241)191-0730x938,
Miller-Rangel,,Williams,Social Media,2022-03-12,williamskaren@gmail.com,001-829-270-1683,Serbia
Yates and Sons,Claire,Luna,Email,2025-02-10,robertgarcia@perry.com,824-135-9546,Chile
Reed-Washington,Stephanie,Crawford,Social Media,,amartinez@yahoo.com,744.962.7149,Albania
Schultz-George,Curtis,Guzman,Social Media,2021-04-30,johnsonkayla@yahoo.com,202.567.3784,Qatar
"Stone, Greene and Ali",,,Social Media,2024-11-04,carlmurphy@edwards.net,(419)484-5699,Canada
"Obrien, Duncan and Parker",Emily,Rangel,Social Media,2023-03-18,christopherbradley@hotmail.com,001-842-865-4472x217,Bosnia and Herzegovina
Neal Ltd,Austin,Williams,Email,,jenkinsdaniel@ewing.com,+1-712-231-8428,
Velazquez-Carpenter,Darrell,Ramsey,Email,2024-05-03,lindsayfigueroa@craig.biz,001-577-475-7200x895,Swaziland
Graham-Johnson,Jeffery,Fuller,Event,,fieldsann@yahoo.com,725-164-1357x98890,Saint Lucia
Shaffer-Tate,Chloe,Hood,Email,2021-01-25,karen31@gmail.com,001-180-942-8362x8402,Saint Lucia
Christensen-Anderson,Amanda,,,2024-10-14,jwong@taylor.org,287-924-0768x4283,Lithuania
"Crawford, Martinez and Ward",Bradley,Beard,Website,2025-01-09,ellisstacy@jefferson-watson.com,(348)005-7859,Pitcairn Islands
Bell-Blair,Melissa,Odonnell,Referral,2020-06-13,matthew64@hotmail.com,001-305-882-9194x3995,Saint Vincent and the Grenadines
"Brooks, Sanders and Payne",Henry,Berry,Email,2021-11-26,lisa89@gmail.com,5745670329,Romania
Holmes LLC,Cheryl,Martinez,Social Media,2020-02-02,alicia56@valdez-gilbert.com,+1-355-944-4422x55499,Guatemala
,Susan,Roberts,,2022-08-22,howarddanielle@hotmail.com,045.313.6617x5738,Serbia
Humphrey-Hernandez,Dylan,Werner,Social Media,2025-01-13,xespinoza@gonzalez.org,303.019.3995,Portugal
Lee Ltd,Kimberly,Duffy,Referral,2025-08-25,jennifergordon@hicks-morton.com,(087)597-5537,Micronesia
Chan-Spencer,Lindsay,Acevedo,,2024-11-02,kimberly20@hotmail.com,(158)356-6733x7552,New Zealand
"English, Spears and Price",,Schneider,Website,2020-10-22,student,016.323.3886x68754,
Johnson Ltd,Michelle,Wilson,Event,2025-01-15,loss,001-497-243-4682,Saint Pierre and Miquelon
Nunez LLC,Denise,Murphy,Social Media,2024-01-25,robertmoss@hotmail.com,,Nigeria
Hudson-Grant,Taylor,Hall,Referral,2022-04-02,want,+1-191-816-6361x711,Latvia
Rogers and Sons,Aaron,Graham,Event,2023-05-18,jonathanmiles@miller.biz,317-177-6623,Azerbaijan
Rodriguez-Patrick,Jamie,Davis,Email,2024-03-20,debate,+1-985-572-8548,Finland
Cole-Ortiz,,Daniel,Email,2022-09-22,holly07@gmail.com,839.702.5664,Macedonia
"Grimes, Phillips and Mcbride",Melissa,Sims,Event,2020-03-19,dennis79@yahoo.com,001-915-438-8339x442,Lao People's Democratic Republic
"Carson, Weaver and Williams",Blake,,Referral,,ericksonmichael@porter-navarro.biz,(628)454-2786x040,San Marino
"Fritz, Holmes and Gomez",Tiffany,Martin,,,sthomas@frey.com,001-103-386-2177x37822,Saint Lucia
Macias Inc,Beth,Lewis,,2023-03-18,julie74@lewis.org,820.610.7855,Benin
"Patterson, Johnson and Owen",Lisa,Miller,Website,2022-01-02,melissaharrington@gmail.com,,
Salinas Inc,Christopher,Webb,Social Media,2024-06-22,jennifer91@lynch-richardson.com,133-375-3306x719,Congo
Wilson PLC,Gregory,Figueroa,Email,2024-05-30,millerjulia@vega-meadows.com,+1-706-819-5474,Burkina Faso
"Duran, Roberson and Padilla",Angela,Norris,Email,2021-07-29,samanthaharris@yahoo.com,+1-527-445-5676x7296,British Indian Ocean Territory (Chagos Archipelago)
Walker Inc,Jennifer,Palmer,Social Media,2020-09-01,abecker@matthews.com,,Malaysia
Thomas-Thornton,Christopher,Solis,Social Media,2025-04-24,frodriguez@campbell.com,001-647-842-5389x399,Guinea
Morgan and Sons,Earl,Johnston,Social Media,2025-03-14,woodardjason@gmail.com,+1-724-641-1849x03280,Austria
Miller-Rangel,,Williams,Social Media,2022-03-12,williamskaren@gmail.com,001-829-270-1683,Serbia
"Stone, Greene and Ali",,,Social Media,2024-11-04,carlmurphy@edwards.net,(419)484-5699,Canada
Schaefer-Hunter,Stephen,Beck,Event,2024-06-14,jonathanrussell@roth.org,042-777-1000x88220,Austria
